,MSE_Train,MAE_Train,RMSE_Train,MSE_Test,MAE_Test,RMSE_Test
0,5.4221628023019255,1.689203601788113,2.328553800602839,6.536042993538397,1.9110933554392666,2.5565685974638734
