,MSE_Train,MAE_Train,RMSE_Train,MSE_Test,MAE_Test,RMSE_Test
0,4.7415717929962655,1.519165895421127,2.177515050004538,5.555760398583993,1.7847513632506933,2.3570660573229576
