,MSE_Train,MAE_Train,RMSE_Train,MSE_Test,MAE_Test,RMSE_Test
0,4.926735702520552,1.5563414747967323,2.2196251265744293,5.77999414801576,1.7920509027713087,2.4041618389816772
