,MSE_Train,MAE_Train,RMSE_Train,MSE_Test,MAE_Test,RMSE_Test
0,2.8533527229216964,1.0495906536361916,1.689187000577999,6.584500140919114,1.9259829011729066,2.56602808654136
