,MSE_Train,MAE_Train,RMSE_Train,MSE_Test,MAE_Test,RMSE_Test
0,5.068903805294969,1.5781815143938354,2.251422618100602,5.805788393092143,1.8002296900400019,2.4095203657765882
