,MSE_Train,MAE_Train,RMSE_Train,MSE_Test,MAE_Test,RMSE_Test
0,5.068903805294972,1.5781815143938362,2.2514226181006025,5.805788393092144,1.800229690040001,2.4095203657765882
