,MSE_Train,MAE_Train,RMSE_Train,MSE_Test,MAE_Test,RMSE_Test
0,0.5733913410388962,0.541898567099571,0.7572260831739067,0.9452003935283265,0.6845202141404,0.9722141706066244
