Method,MSE,MAE,RMSE
ANN,2748445.9082319816,1082.7784169614988,1657.8437526594541
