Method,MSE,MAE,RMSE
Decision_Tree,14721947.916729553,1545.3237778191917,3836.91906569966
