Method,MSE,MAE,RMSE
Decision_Tree,81183339020.11761,279528.60813808284,284926.90118715994
