Method,MSE,MAE,RMSE
LSTM,2626486.820558205,998.3872765457822,1620.6439524331693
