Method,MSE,MAE,RMSE
Previous_Day,7193139.870115237,1800.7428426853996,2682.002958632827
