Method,MSE,MAE,RMSE
Random_Forest,3411358.3816086003,1023.3623017439304,1846.986297081979
