Method,MSE,MAE,RMSE
SVR,6866625.176267259,1873.8950804160029,2620.424617550991
