,MSE_Train,MAE_Train,RMSE_Train,MSE_Test,MAE_Test,RMSE_Test
0,0.34246771867217746,0.429488322937512,0.585207415086461,0.45103939463139553,0.49612358875891954,0.6715946654280359
