Method,MSE,MAE,RMSE
AF No Trans.,11950827.537061252,2680.7401792323544,3456.9968957262968
