Method,MSE,MAE,RMSE
AF No Dates,7445791.866511923,2075.587616787372,2728.697833493464
