Method,MSE,MAE,RMSE
AF No Dates w. SP,7264701.575647627,2027.5951108104593,2695.3110350472775
