Method,MSE,MAE,RMSE
AF SP DoW D M Y,7551277.175382896,2101.5214097261123,2747.9587288354414
