Method,MSE,MAE,RMSE
AF SP DoW,7686636.820117407,2083.04726662532,2772.4784616146985
