Method,MSE,MAE,RMSE
AF SP DoW D,7666627.6206917325,2089.6871887754082,2768.8675700892113
