Method,MSE,MAE,RMSE
'6F',7445791.866511923,2075.587616787372,2728.697833493464
