Method,MSE,MAE,RMSE
F6_(No_Transmission),6418505.5066897655,1894.6279311879803,2533.4769599682104
