Method,MSE,MAE,RMSE
'6_SP_DoW_D_M',9683254.280658107,2338.4968102292733,3111.7927759826985
