Method,MSE,MAE,RMSE
'6_SP',7264701.575647627,2027.5951108104593,2695.3110350472775
