Method,MSE,MAE,RMSE
'6_SP_DoW_D',7666627.6206917325,2089.6871887754082,2768.8675700892113
