Method,MSE,MAE,RMSE
'6_SP_DoW_D_M_Y',10932785.219087454,2511.0127588328264,3306.476254124238
