Method,MSE,MAE,RMSE
F7,5800943.021269062,1821.553945012404,2408.51469193548
