Method,MSE,MAE,RMSE
F7,5614269.839176837,1775.0447405669815,2369.4450487776326
