Method,MSE,MAE,RMSE
F7_SP_DoW,6621917.473716343,1954.4659911171575,2573.3086627368166
