Method,MSE,MAE,RMSE
F7_SP_DoW_D_M,6097477.929954076,1912.4384012884123,2469.3071761030615
