Method,MSE,MAE,RMSE
F7_SP,6355674.276682692,1886.8726417453586,2521.0462662717423
