Method,MSE,MAE,RMSE
F11 Single Step,1926353.8519744915,1061.5311173325465,1387.931501182422
