Method,MSE,MAE,RMSE
F7,6213228.301804495,1883.4843022267125,2492.634811159568
