Method,MSE,MAE,RMSE
F7_SP_DoW_D_M,6195979.182574506,1912.2740594490238,2489.172389083268
