Method,MSE,MAE,RMSE
F7_SP_DoW_D,6163658.991464027,1895.6788027168693,2482.671744605804
