Method,MSE,MAE,RMSE
F7_SP_DoW_D_M_Y,6636896.7088289205,2007.793224081706,2576.2175197038237
