Method,MSE,MAE,RMSE
F7_SP,6235195.455965151,1881.1790085327304,2497.0373357170997
