Method,MSE,MAE,RMSE
F7_SP_DoW,6513954.325078346,1924.4879656490077,2552.2449578906694
