Method,MSE,MAE,RMSE
F7_SP_DoW_D,5926339.321667899,1857.458340168854,2434.4073861348475
