Method,MSE,MAE,RMSE
F7_SP_DoW_D_M_Y,6905706.001966489,2054.3357366857394,2627.871001774343
