Method,MSE,MAE,RMSE
1/2 L,9872577.884679385,2487.772054057298,3142.0658625623023
