Method,MSE,MAE,RMSE
1 L,10173663.503397306,2282.3518842279527,3189.6180811183817
