Method,MSE,MAE,RMSE
1/2 L,10932785.219087454,2511.0127588328264,3306.476254124238
