Method,MSE,MAE,RMSE
1 L,28574898.37560315,4044.3002183198623,5345.5493988553835
