Method,MSE,MAE,RMSE
1/4 L,31031067.829802025,4308.134946182779,5570.553637638006
