Method,MSE,MAE,RMSE
1 L,33572871.24674767,4516.7143447153085,5794.210148652504
