Method,MSE,MAE,RMSE
2/5 L,18707103.850694265,3454.1568618207825,4325.17096201922
