Method,MSE,MAE,RMSE
2/5 L,19591103.44118543,3549.1088563340268,4426.183846293038
