Method,MSE,MAE,RMSE
3/4 L,19712315.28759428,3348.029320382522,4439.855322822387
