Method,MSE,MAE,RMSE
3/4 L,15433654.822492681,3009.549304902569,3928.5690553295203
