Method,MSE,MAE,RMSE
3/5 L,15127693.259153686,2875.5305447743276,3889.433539624207
