Method,MSE,MAE,RMSE
F11 Single Step,1535067.2704972655,907.9708040322903,1238.9783172022283
