Method,MSE,MAE,RMSE
F6 Single Step,1755193.1716393924,976.4314723211428,1324.8370358800332
