Method,MSE,MAE,RMSE
F7,5555760.435679577,1784.7513731894205,2357.0660651919743
