Method,MSE,MAE,RMSE
F7_SP_DoW_D,7164286.636944359,2040.806319022087,2676.6185079208353
