Method,MSE,MAE,RMSE
F7_SP_DoW_D_M_Y,8273271.658917455,2223.1727010143245,2876.329546299842
