Method,MSE,MAE,RMSE
F7_SP_DoW_D_M,6246413.13974456,1925.5773745098431,2499.2825249948355
