Method,MSE,MAE,RMSE
F6 Single Step,1932155.7079286608,1092.545760393326,1390.0200386788174
