Method,MSE,MAE,RMSE
F7_SP_DoW,6638422.588813641,1950.0752473291452,2576.5136500344106
