Method,MSE,MAE,RMSE
F7_SP,5882139.660508758,1818.461660731434,2425.3122810287255
