Method,MSE,MAE,RMSE
ANN,19912717.687392734,3678.8405356769554,4462.366825731916
