Method,MSE,MAE,RMSE
ANN,19363966.75689446,3538.8527981324473,4400.4507447413225
