Method,MSE,MAE,RMSE
ANN,22316395.974742517,3720.6261023071916,4724.023282620707
