Method,MSE,MAE,RMSE
ANN,88888906.94495733,8025.648533034815,9428.091373388217
