Method,MSE,MAE,RMSE
Decision_Tree,32333672.177277897,3728.9311977970488,5686.270498074981
