Method,MSE,MAE,RMSE
Decision_Tree,27655950.359364334,3522.696755230256,5258.892503119296
