Method,MSE,MAE,RMSE
Decision_Tree,23650598.554204725,3359.80959458458,4863.188105986105
