Method,MSE,MAE,RMSE
Hybrid,14146321.71379853,2788.3861007260493,3761.1596235467764
