Method,MSE,MAE,RMSE
Hybrid,17574454.955511723,3062.3853770518326,4192.189756620247
