Method,MSE,MAE,RMSE
Hybrid,18701176.992690884,3206.6346183930063,4324.485748929101
