Method,MSE,MAE,RMSE
LSTM,32545524.107555408,4548.943499867376,5704.868456639067
