Method,MSE,MAE,RMSE
LSTM,21571950.96582769,3449.616447671168,4644.5614395578505
