Method,MSE,MAE,RMSE
LSTM,33721519.76572037,4719.505863732272,5807.02331368838
