Method,MSE,MAE,RMSE
Random_Forest,19993077.19495832,3028.586966501602,4471.361894877032
