Method,MSE,MAE,RMSE
Random_Forest,13504266.908012789,2648.9551766068644,3674.815220934624
