Method,MSE,MAE,RMSE
SVR,26273474.460088223,4234.0891963549475,5125.765743778018
