Method,MSE,MAE,RMSE
SVR,44165363.903969206,5459.228752448608,6645.70266442678
