Method,MSE,MAE,RMSE
NN,6.272455279178658,1.8868945290149097,2.5044870291496135
