Method,MSE,MAE,RMSE
NN,6.062848800350377,1.8353150275353738,2.4622852800498922
