Method,MSE,MAE,RMSE
RF,6.114378914833936,1.864428794206654,2.4727270198778384
