Method,MSE,MAE,RMSE
RF,5.787483184418386,1.8171035313700383,2.4057188498281312
