Method,MSE,MAE,RMSE
SVR,5.816965909890829,1.8034182682286823,2.411838698978609
