,MSE_Train,MAE_Train,RMSE_Train,MSE_Test,MAE_Test,RMSE_Test
0,5.036718908428718,1.5730850362293858,2.244263555919562,5.816965909890829,1.8034182682286823,2.411838698978609
