Method,MSE,MAE,RMSE
Naive,8273712.730985915,35.6786171574904,2876.4062180064057
