Method,MSE,MAE,RMSE
Naive,3213480.6101190476,1489.485119047619,1792.6183671152785
