Method,MSE,MAE,RMSE
NN,6281356.390694936,2010.880394345238,2506.2634320228462
