Method,MSE,MAE,RMSE
NN,111.66161368054398,8.604012066523273,10.567005899522531
