Method,MSE,MAE,RMSE
NN,115.63963466663598,8.753663214217399,10.753587060448062
