Method,MSE,MAE,RMSE
NN,6325055.444433714,1279.4900628952753,2514.9662909139984
