Method,MSE,MAE,RMSE
SARIMA,3863408.6219958733,1493.826696799276,1965.5555504731667
