Method,MSE,MAE,RMSE
SARIMA,26.811329202556525,4.037074522288246,5.1779657398013486
