Method,MSE,MAE,RMSE
F6_(No_Transmission),7135926.093638969,2010.5993525428137,2671.3154238387815
