Method,MSE,MAE,RMSE
ANN,2989233.45562866,1131.6822757420387,1728.93998034306
