Method,MSE,MAE,RMSE
ANN,3359854.7807509615,1258.5845674569375,1832.9906657566376
