Method,MSE,MAE
ANN,179330057.87079912,13280.41137378938
