Method,MSE,MAE
ANN,7392135.255760709,2081.932098332364
