Method,MSE,MAE,RMSE
ANN,3553141.507122972,1320.2156722422428,1884.9778532181676
