Method,MSE,MAE,RMSE
Decision_Tree,12285617.366969284,1600.3642969083915,3505.0845021153605
