Method,MSE,MAE,RMSE
Decision_Tree,9422975.337306578,1536.3885145356562,3069.6865210158803
