Method,MSE,MAE
Decision_Tree,10650393.24731877,1546.2224363879989
