Method,MSE,MAE,RMSE
Decision_Tree,11635463.723015103,1715.3209234954734,3411.079553897139
