Method,MSE,MAE
LSTM,675452.1328521337,683.1206161679802
