Method,MSE,MAE,RMSE
LSTM,4733807.909209361,1310.8243960643433,2175.7315802298226
