Method,MSE,MAE,RMSE
LSTM,2898395.684950815,1067.0859704395464,1702.4675283102508
