Method,MSE,MAE,RMSE
LSTM,2542736.6879603486,976.1829996421222,1594.5960892841638
