Method,MSE,MAE
LSTM,5470258.9743788075,1273.213263149234
