Method,MSE,MAE,RMSE
Previous_Day,7192116.880659445,1800.5100520053138,2681.8122381440958
