Method,MSE,MAE
Previous_Day,7192116.880659445,1800.5100520053138
