Method,MSE,MAE
Random_Forest,6873201.117427289,1419.8246489180117
