Method,MSE,MAE,RMSE
Random_Forest,3328671.125786797,1127.5498607975292,1824.4646134652207
