Method,MSE,MAE,RMSE
Random_Forest,4396452.825186038,1257.9356990829615,2096.7720012404875
