Method,MSE,MAE,RMSE
Random_Forest,3980770.204008995,1217.7956959218184,1995.186759180452
