Method,MSE,MAE
SVR,2949782.7905998477,1109.050441147606
