Method,MSE,MAE,RMSE
SVR,3043464.1566260993,1103.6762370528259,1744.552709615304
