Method,MSE,MAE,RMSE
SVR,26994985.01011318,4308.682485293725,5195.669832669622
