Method,MSE,MAE,RMSE
SVR,2957294.0778108677,1112.3610525097893,1719.678480940803
