Method,MSE,MAE,RMSE
AF_14_L,42220800.55033912,4795.205436802276,6497.753500275238
