Method,MSE,MAE,RMSE
AF_But_Trans_ML,32381180.79549483,4348.79052359255,5690.4464495762395
