Method,MSE,MAE,RMSE
AF_25_L,18707103.850694265,3454.1568618207825,4325.17096201922
