Method,MSE,MAE,RMSE
ANN,28574898.37560315,4044.3002183198623,5345.5493988553835
