Method,MSE,MAE,RMSE
AF_But_Trans_ML,40998496.90566774,4902.008728918254,6403.006864408919
