Method,MSE,MAE,RMSE
AF_Half_L,9872577.884679385,2487.772054057298,3142.0658625623023
