Method,MSE,MAE,RMSE
AF_35_L,21129346.108416542,3733.1984223701584,4596.666847664354
