Method,MSE,MAE,RMSE
F6_(No_Transmission),6581259.474477796,1920.2359722611236,2565.3965530650025
