Method,MSE,MAE,RMSE
14 L,10399912.439649602,2358.9062272427177,3224.889523634818
