Method,MSE,MAE,RMSE
1/2 L,6875552.362372229,1991.1941632572423,2622.1274496813135
