Method,MSE,MAE,RMSE
1 L,8445671.72898567,2174.6184782880523,2906.143790142819
