Method,MSE,MAE,RMSE
1/4 L,8724701.358751534,2193.97402668854,2953.7605452628577
