Method,MSE,MAE,RMSE
12 L,7054130.969553457,2000.7180147647248,2655.961402120418
