Method,MSE,MAE,RMSE
2/5 L,7664440.327012351,2084.549557358355,2768.4725620840727
