Method,MSE,MAE,RMSE
25 L,8038706.600484441,2126.110022707266,2835.261293158788
