Method,MSE,MAE,RMSE
3/5 L,6957600.926701897,1981.7430021356834,2637.726469272714
