Method,MSE,MAE,RMSE
3/4 L,8301265.2645458765,2180.8346533390686,2881.1916396772144
