Method,MSE,MAE,RMSE
34 L,7828010.351964194,2102.7439320582585,2797.858172238935
