Method,MSE,MAE,RMSE
35 L,7545459.280813014,2070.5938252740875,2746.899940080274
