Method,MSE,MAE,RMSE
12 L,7137797.397093745,2008.2550774997999,2671.6656596763273
