Method,MSE,MAE,RMSE
1 L,7782912.034550898,2119.807430502761,2789.787094842705
