Method,MSE,MAE,RMSE
14 L,7528297.013403058,2088.171229293374,2743.774227848031
