Method,MSE,MAE,RMSE
25 L,7275284.824957115,2034.830126390445,2697.273591046543
