Method,MSE,MAE,RMSE
34 L,7100046.113131645,2014.5767630641806,2664.5911718557586
