Method,MSE,MAE,RMSE
35 L,7177972.796381672,1994.2718611205585,2679.1739018551357
