,MSE_Train,MAE_Train,RMSE_Train,MSE_Test,MAE_Test,RMSE_Test
0,5.244458941132127,1.654935847679474,2.290078370085209,5.800943010046665,1.82155394346308,2.4085146896057466
