,MSE_Train,MAE_Train,RMSE_Train,MSE_Test,MAE_Test,RMSE_Test
0,4.947148744755423,1.493066847305596,2.224218681864583,6.213228212044987,1.8834842945621504,2.492634793154622
