,MSE_Train,MAE_Train,RMSE_Train,MSE_Test,MAE_Test,RMSE_Test
0,5.434276917136022,1.7122201581647587,2.3311535593212263,7.001936779072626,2.0206182391353513,2.6461173025912186
