,MSE_Train,MAE_Train,RMSE_Train,MSE_Test,MAE_Test,RMSE_Test
0,5.416281759993245,1.6923828713488647,2.3272906479409152,6.568747309906854,1.9213750188398355,2.562956751470234
