,MSE_Train,MAE_Train,RMSE_Train,MSE_Test,MAE_Test,RMSE_Test
0,2.7563668048983523,1.045372438719105,1.660230949265298,6.599532504355313,1.9230035591877683,2.5689555279053224
