,MSE_Train,MAE_Train,RMSE_Train,MSE_Test,MAE_Test,RMSE_Test
0,2.93987582085842,1.0669358066339272,1.7146066081928006,6.207998092841536,1.8562204911333346,2.4915854576637617
