,MSE_Train,MAE_Train,RMSE_Train,MSE_Test,MAE_Test,RMSE_Test
0,3.0265023829256896,1.096693265627087,1.7396845642028584,6.3782468704250626,1.890986300672856,2.5255191288970793
