,MSE_Train,MAE_Train,RMSE_Train,MSE_Test,MAE_Test,RMSE_Test
0,7.0260223896856395,1.8903605544529098,2.650664518509583,7.346964146350832,2.02998271446863,2.7105283887741947
