,MSE_Train,MAE_Train,RMSE_Train,MSE_Test,MAE_Test,RMSE_Test
0,4.955072326661519,1.6065352998272497,2.2259991749013563,5.8801887114365226,1.8146827128206329,2.424910041926612
