,MSE_Train,MAE_Train,RMSE_Train,MSE_Test,MAE_Test,RMSE_Test
0,4.968982114977437,1.6085793689817747,2.229121377354189,5.883912531055281,1.8163869518158295,2.4256777467452846
