Method,MSE,MAE,RMSE
ANN,3378829.11196166,1259.8236650848316,1838.1591639359362
