Method,MSE,MAE,RMSE
Decision_Tree,24065086.347844407,2941.2539613958475,4905.617835486618
