Method,MSE,MAE,RMSE
LSTM,2703916.813680668,1007.6589944944745,1644.3590890315497
