Method,MSE,MAE
ANN,329851.9049930694,465.3493900142537
