Method,MSE,MAE
LSTM,384536.4976468983,441.39068814506874
