Method,MSE,MAE,RMSE
F6_(No_Transmission),6759209.912107209,1942.4532062760084,2599.8480555807887
