Method,MSE,MAE,RMSE
ANN,7830262.767747976,2114.0489290322903,2798.2606682987876
