,MSE_Train,MAE_Train,RMSE_Train,MSE_Test,MAE_Test,RMSE_Test
0,5.065745598559451,1.6081617611910042,2.2507211285628994,6.735429811616722,1.96481863898596,2.5952706624968274
