Method,MSE,MAE,RMSE
ANN,7.830262831633423,2.114048937705964,2.798260679713994
