,MSE_Train,MAE_Train,RMSE_Train,MSE_Test,MAE_Test,RMSE_Test
0,0.0,0.0,0.0,10.493356155953903,2.442383610755442,3.239345019591754
