Method,MSE,MAE,RMSE
DT,10.493356155953903,2.442383610755442,3.239345019591754
