Method,MSE,MAE,RMSE
DT,12158969.320358515,2635.3798975672216,3486.971367871912
