,MSE_Train,MAE_Train,RMSE_Train,MSE_Test,MAE_Test,RMSE_Test
0,3.0317072383370887,1.123072757338232,1.7411798408944117,6.089191559296439,1.847890955986775,2.467628732061701
