Method,MSE,MAE,RMSE
LSTM,7.076511140461803,2.011867317165516,2.660171261490847
