Method,MSE,MAE,RMSE
LSTM,7076511.135791615,2011.8673120398528,2660.171260613048
