Method,MSE,MAE,RMSE
LSTM,6.165450661707081,1.8582649790550163,2.4830325534932243
