Method,MSE,MAE,RMSE
LSTM,6.478618120715603,1.9215791524889527,2.545312971073617
