Method,MSE,MAE,RMSE
Naive,8273712.730985915,2180.9651728553135,2876.4062180064057
