Method,MSE,MAE,RMSE
Naive,7.346964146350833,2.02998271446863,2.7105283887741947
