Method,MSE,MAE,RMSE
RF,7032098.75296988,1998.6400963508322,2651.8104670149182
