Method,MSE,MAE,RMSE
RF,6.115611533006632,1.8643615057618437,2.4729762499883883
