,MSE_Train,MAE_Train,RMSE_Train,MSE_Test,MAE_Test,RMSE_Test
0,0.4131593863525577,0.4230602580190793,0.6427747555345945,5.787483184418386,1.8171035313700383,2.4057188498281312
