Method,MSE,MAE,RMSE
RF,7.066593696905883,2.0033766024327786,2.658306546827488
