Method,MSE,MAE,RMSE
SVR,5.779963902598867,1.8009632214370712,2.404155548752798
