Method,MSE,MAE,RMSE
SVR,6869674.310492065,1956.483677188166,2621.006354531035
