Method,MSE,MAE,RMSE
SVR,6.869674310492064,1.956483677188166,2.6210063545310347
