Method,MSE,MAE,RMSE
NN,5.993347598749196,1.834471219100659,2.448131450463638
