Method,MSE,MAE,RMSE
NN,7.299391268940948,2.0799062798944714,2.7017385641362393
