Method,MSE,MAE,RMSE
SARIMA,26.77519288127982,4.035625799322532,5.17447513099443
