Method,MSE,MAE,RMSE
SARIMA,62268533.58484899,6415.4184109044945,7891.041349837738
