,MSE_Train,MAE_Train,RMSE_Train,MSE_Test,MAE_Test,RMSE_Test
0,7.526951322344469,2.0305896950830484,2.7435289906149105,7.925194126684333,2.1643337977157993,2.8151721309156805
