,MSE_Train,MAE_Train,RMSE_Train,MSE_Test,MAE_Test,RMSE_Test
0,6.706242512928653,1.8876431266999805,2.5896413869353907,6.629369788561077,1.980309567029502,2.5747562580875645
