,MSE_Train,MAE_Train,RMSE_Train,MSE_Test,MAE_Test,RMSE_Test
0,7.622290025863893,2.048145647742489,2.760849511629327,7.952434829550143,2.1763919306284594,2.8200061754453913
