,MSE_Train,MAE_Train,RMSE_Train,MSE_Test,MAE_Test,RMSE_Test
0,6.965630174471578,1.9295353420652146,2.639248032010553,7.02953262440706,2.0317633677842477,2.6513265782259
